{"playSpeed":7.0,"backgroundCover":0.6,"lastEditDiff":4,"lastEditTime":0.0,"BGM_Level":0.419512182,"Tap_Level":0.695121944,"Slide_Level":0.542682946,"Break_Level":0.4878049,"Ex_Level":0.3597561,"Hanabi_Level":0.3597561}